timestamp,symbol,open,high,low,close,adjusted_close,volume
2022-01-03,AAPL,177.8300018310547,182.8800048828125,177.7100067138672,182.00999450683594,179.2736053466797,104487900
2022-01-04,AAPL,182.6300048828125,182.94000244140625,179.1199951171875,179.6999969482422,176.99835205078125,99310400
2022-01-05,AAPL,179.61000061035156,180.1699981689453,174.63999938964844,174.9199981689453,172.29022216796875,94537600
2022-01-06,AAPL,172.6999969482422,175.3000030517578,171.63999938964844,172.0,169.41409301757812,96904000
2022-01-07,AAPL,172.88999938964844,174.13999938964844,171.02999877929688,172.1699981689453,169.58154296875,86709100
2022-01-10,AAPL,169.0800018310547,172.5,168.1699981689453,172.19000244140625,169.6012420654297,106765600
2022-01-11,AAPL,172.32000732421875,175.17999267578125,170.82000732421875,175.0800018310547,172.44781494140625,76138300
2022-01-12,AAPL,176.1199951171875,177.17999267578125,174.82000732421875,175.52999877929688,172.89100646972656,74805200
2022-01-13,AAPL,175.77999877929688,176.6199951171875,171.7899932861328,172.19000244140625,169.6012420654297,84505800
2022-01-14,AAPL,171.33999633789062,173.77999877929688,171.08999633789062,173.07000732421875,170.46803283691406,80440800
2022-01-18,AAPL,171.50999450683594,172.5399932861328,169.41000366210938,169.8000030517578,167.24720764160156,90956700
2022-01-19,AAPL,170.0,171.0800018310547,165.94000244140625,166.22999572753906,163.73085021972656,94815000
2022-01-20,AAPL,166.97999572753906,169.67999267578125,164.17999267578125,164.50999450683594,162.03672790527344,91420500
2022-01-21,AAPL,164.4199981689453,166.3300018310547,162.3000030517578,162.41000366210938,159.96826171875,122848900
2022-01-24,AAPL,160.02000427246094,162.3000030517578,154.6999969482422,161.6199951171875,159.1901397705078,162294600
2022-01-25,AAPL,158.97999572753906,162.75999450683594,157.02000427246094,159.77999877929688,157.37782287597656,115798400
2022-01-26,AAPL,163.5,164.38999938964844,157.82000732421875,159.69000244140625,157.28919982910156,108275300
2022-01-27,AAPL,162.4499969482422,163.83999633789062,158.27999877929688,159.22000122070312,156.82626342773438,121954600
2022-01-28,AAPL,165.7100067138672,170.35000610351562,162.8000030517578,170.3300018310547,167.76919555664062,179935700
2022-01-31,AAPL,170.16000366210938,175.0,169.50999450683594,174.77999877929688,172.15231323242188,115541600
2022-02-01,AAPL,174.00999450683594,174.83999633789062,172.30999755859375,174.61000061035156,171.98486328125,86213900
2022-02-02,AAPL,174.75,175.8800048828125,173.3300018310547,175.83999633789062,173.19638061523438,84914300
2022-02-03,AAPL,174.47999572753906,176.24000549316406,172.1199951171875,172.89999389648438,170.3005828857422,89418100
2022-02-04,AAPL,171.67999267578125,174.10000610351562,170.67999267578125,172.38999938964844,170.0145721435547,82465400
2022-02-07,AAPL,172.86000061035156,173.9499969482422,170.9499969482422,171.66000366210938,169.2946319580078,77251200
2022-02-08,AAPL,171.72999572753906,175.35000610351562,171.42999267578125,174.8300018310547,172.42095947265625,74829200
2022-02-09,AAPL,176.0500030517578,176.64999389648438,174.89999389648438,176.27999877929688,173.85098266601562,71285000
2022-02-10,AAPL,174.13999938964844,175.47999572753906,171.5500030517578,172.1199951171875,169.748291015625,90865900
2022-02-11,AAPL,172.3300018310547,173.0800018310547,168.0399932861328,168.63999938964844,166.31625366210938,98670700
2022-02-14,AAPL,167.3699951171875,169.5800018310547,166.55999755859375,168.8800048828125,166.55294799804688,86185500
2022-02-15,AAPL,170.97000122070312,172.9499969482422,170.25,172.7899932861328,170.4090576171875,62527400
2022-02-16,AAPL,171.85000610351562,173.33999633789062,170.0500030517578,172.5500030517578,170.17236328125,61177400
2022-02-17,AAPL,171.02999877929688,171.91000366210938,168.47000122070312,168.8800048828125,166.55294799804688,69589300
2022-02-18,AAPL,169.82000732421875,170.5399932861328,166.19000244140625,167.3000030517578,164.99472045898438,82772700
2022-02-22,AAPL,164.97999572753906,166.69000244140625,162.14999389648438,164.32000732421875,162.0557861328125,91162800
2022-02-23,AAPL,165.5399932861328,166.14999389648438,159.75,160.07000732421875,157.86434936523438,90009200
2022-02-24,AAPL,152.5800018310547,162.85000610351562,152.0,162.74000549316406,160.49755859375,141147500
2022-02-25,AAPL,163.83999633789062,165.1199951171875,160.8699951171875,164.85000610351562,162.57846069335938,91974200
2022-02-28,AAPL,163.05999755859375,165.4199981689453,162.42999267578125,165.1199951171875,162.84475708007812,95056600
2022-03-01,AAPL,164.6999969482422,166.60000610351562,161.97000122070312,163.1999969482422,160.95120239257812,83474400
2022-03-02,AAPL,164.38999938964844,167.36000061035156,162.9499969482422,166.55999755859375,164.26490783691406,79724800
2022-03-03,AAPL,168.47000122070312,168.91000366210938,165.5500030517578,166.22999572753906,163.939453125,76678400
2022-03-04,AAPL,164.49000549316406,165.5500030517578,162.10000610351562,163.1699981689453,160.92161560058594,83737200
2022-03-07,AAPL,163.36000061035156,165.02000427246094,159.0399932861328,159.3000030517578,157.1049346923828,96418800
2022-03-08,AAPL,158.82000732421875,162.8800048828125,155.8000030517578,157.44000244140625,155.2705841064453,131148300
2022-03-09,AAPL,161.47999572753906,163.41000366210938,159.41000366210938,162.9499969482422,160.70465087890625,91454900
2022-03-10,AAPL,160.1999969482422,160.38999938964844,155.97999572753906,158.52000427246094,156.335693359375,105342000
2022-03-11,AAPL,158.92999267578125,159.27999877929688,154.5,154.72999572753906,152.597900390625,96970100
2022-03-14,AAPL,151.4499969482422,154.1199951171875,150.10000610351562,150.6199951171875,148.54457092285156,108732100
2022-03-15,AAPL,150.89999389648438,155.57000732421875,150.3800048828125,155.08999633789062,152.95297241210938,92964300
2022-03-16,AAPL,157.0500030517578,160.0,154.4600067138672,159.58999633789062,157.3909454345703,102300200
2022-03-17,AAPL,158.61000061035156,161.0,157.6300048828125,160.6199951171875,158.40676879882812,75615400
2022-03-18,AAPL,160.50999450683594,164.47999572753906,159.75999450683594,163.97999572753906,161.72047424316406,123511700
2022-03-21,AAPL,163.50999450683594,166.35000610351562,163.00999450683594,165.3800048828125,163.10116577148438,95811400
2022-03-22,AAPL,165.50999450683594,169.4199981689453,164.91000366210938,168.82000732421875,166.4937744140625,81532000
2022-03-23,AAPL,167.99000549316406,172.63999938964844,167.64999389648438,170.2100067138672,167.86459350585938,98062700
2022-03-24,AAPL,171.05999755859375,174.13999938964844,170.2100067138672,174.07000732421875,171.67144775390625,90131400
2022-03-25,AAPL,173.8800048828125,175.27999877929688,172.75,174.72000122070312,172.31248474121094,80546200
2022-03-28,AAPL,172.1699981689453,175.72999572753906,172.0,175.60000610351562,173.1803436279297,90371900
2022-03-29,AAPL,176.69000244140625,179.00999450683594,176.33999633789062,178.9600067138672,176.49403381347656,100589400
2022-03-30,AAPL,178.5500030517578,179.61000061035156,176.6999969482422,177.77000427246094,175.32044982910156,92633200
2022-03-31,AAPL,177.83999633789062,178.02999877929688,174.39999389648438,174.61000061035156,172.20399475097656,103049300
2022-04-01,AAPL,174.02999877929688,174.8800048828125,171.94000244140625,174.30999755859375,171.9081268310547,78751300
2022-04-04,AAPL,174.57000732421875,178.49000549316406,174.44000244140625,178.44000244140625,175.981201171875,76468400
2022-04-05,AAPL,177.5,178.3000030517578,174.4199981689453,175.05999755859375,172.6477813720703,73401800
2022-04-06,AAPL,172.36000061035156,173.6300048828125,170.1300048828125,171.8300018310547,169.46231079101562,89058800
2022-04-07,AAPL,171.16000366210938,173.36000061035156,169.85000610351562,172.13999938964844,169.76800537109375,77594700
2022-04-08,AAPL,171.77999877929688,171.77999877929688,169.1999969482422,170.08999633789062,167.74627685546875,76575500
2022-04-11,AAPL,168.7100067138672,169.02999877929688,165.5,165.75,163.466064453125,72246700
2022-04-12,AAPL,168.02000427246094,169.8699951171875,166.63999938964844,167.66000366210938,165.34976196289062,79265200
2022-04-13,AAPL,167.38999938964844,171.0399932861328,166.77000427246094,170.39999389648438,168.05198669433594,70618900
2022-04-14,AAPL,170.6199951171875,171.27000427246094,165.0399932861328,165.2899932861328,163.01242065429688,75329400
2022-04-18,AAPL,163.9199981689453,166.60000610351562,163.57000732421875,165.07000732421875,162.79544067382812,69023900
2022-04-19,AAPL,165.02000427246094,167.82000732421875,163.91000366210938,167.39999389648438,165.09329223632812,67723800
2022-04-20,AAPL,168.75999450683594,168.8800048828125,166.10000610351562,167.22999572753906,164.9256591796875,67929800
2022-04-21,AAPL,168.91000366210938,171.52999877929688,165.91000366210938,166.4199981689453,164.12681579589844,87227800
2022-04-22,AAPL,166.4600067138672,167.8699951171875,161.5,161.7899932861328,159.5606231689453,84882400
2022-04-25,AAPL,161.1199951171875,163.1699981689453,158.4600067138672,162.8800048828125,160.6356201171875,96046400
2022-04-26,AAPL,162.25,162.33999633789062,156.72000122070312,156.8000030517578,154.639404296875,95623200
2022-04-27,AAPL,155.91000366210938,159.7899932861328,155.3800048828125,156.57000732421875,154.41258239746094,88063200
2022-04-28,AAPL,159.25,164.52000427246094,158.92999267578125,163.63999938964844,161.3851318359375,130216800
2022-04-29,AAPL,161.83999633789062,166.1999969482422,157.25,157.64999389648438,155.47767639160156,131747600
2022-05-02,AAPL,156.7100067138672,158.22999572753906,153.27000427246094,157.9600067138672,155.78343200683594,123055300
2022-05-03,AAPL,158.14999389648438,160.7100067138672,156.32000732421875,159.47999572753906,157.28244018554688,88966500
2022-05-04,AAPL,159.6699981689453,166.47999572753906,159.25999450683594,166.02000427246094,163.73236083984375,108256500
2022-05-05,AAPL,163.85000610351562,164.0800018310547,154.9499969482422,156.77000427246094,154.6098175048828,130525300
2022-05-06,AAPL,156.00999450683594,159.44000244140625,154.17999267578125,157.27999877929688,155.34068298339844,116124600
2022-05-09,AAPL,154.92999267578125,155.8300018310547,151.49000549316406,152.05999755859375,150.18504333496094,131577900
2022-05-10,AAPL,155.52000427246094,156.74000549316406,152.92999267578125,154.50999450683594,152.60484313964844,115366700
2022-05-11,AAPL,153.5,155.4499969482422,145.80999755859375,146.5,144.693603515625,142689800
2022-05-12,AAPL,142.77000427246094,146.1999969482422,138.8000030517578,142.55999755859375,140.8021697998047,182602000
2022-05-13,AAPL,144.58999633789062,148.10000610351562,143.11000061035156,147.11000061035156,145.29611206054688,113990900
2022-05-16,AAPL,145.5500030517578,147.52000427246094,144.17999267578125,145.5399932861328,143.7454071044922,86643800
2022-05-17,AAPL,148.86000061035156,149.77000427246094,146.67999267578125,149.24000549316406,147.39981079101562,78336300
2022-05-18,AAPL,146.85000610351562,147.36000061035156,139.89999389648438,140.82000732421875,139.08363342285156,109742900
2022-05-19,AAPL,139.8800048828125,141.66000366210938,136.60000610351562,137.35000610351562,135.6564483642578,136095600
2022-05-20,AAPL,139.08999633789062,140.6999969482422,132.61000061035156,137.58999633789062,135.89346313476562,137426100
2022-05-23,AAPL,137.7899932861328,143.25999450683594,137.64999389648438,143.11000061035156,141.34539794921875,117726300
2022-05-24,AAPL,140.80999755859375,141.97000122070312,137.3300018310547,140.36000061035156,138.62930297851562,104132700
2022-05-25,AAPL,138.42999267578125,141.7899932861328,138.33999633789062,140.52000427246094,138.78736877441406,92482700
2022-05-26,AAPL,137.38999938964844,144.33999633789062,137.13999938964844,143.77999877929688,142.00714111328125,90601500
2022-05-27,AAPL,145.38999938964844,149.67999267578125,145.25999450683594,149.63999938964844,147.79489135742188,90978500
2022-05-31,AAPL,149.07000732421875,150.66000366210938,146.83999633789062,148.83999633789062,147.00474548339844,103718400
2022-06-01,AAPL,149.89999389648438,151.74000549316406,147.67999267578125,148.7100067138672,146.87635803222656,74286600
2022-06-02,AAPL,147.8300018310547,151.27000427246094,146.86000061035156,151.2100067138672,149.3455352783203,72348100
2022-06-03,AAPL,146.89999389648438,147.97000122070312,144.4600067138672,145.3800048828125,143.58741760253906,88570300
2022-06-06,AAPL,147.02999877929688,148.57000732421875,144.89999389648438,146.13999938964844,144.3380584716797,71598400
2022-06-07,AAPL,144.35000610351562,149.0,144.10000610351562,148.7100067138672,146.87635803222656,67808200
2022-06-08,AAPL,148.5800018310547,149.8699951171875,147.4600067138672,147.9600067138672,146.13558959960938,53950200
2022-06-09,AAPL,147.0800018310547,147.9499969482422,142.52999877929688,142.63999938964844,140.8811798095703,69473000
2022-06-10,AAPL,140.27999877929688,140.75999450683594,137.05999755859375,137.1300048828125,135.43914794921875,91437900
2022-06-13,AAPL,132.8699951171875,135.1999969482422,131.44000244140625,131.8800048828125,130.25390625,122207100
2022-06-14,AAPL,133.1300048828125,133.88999938964844,131.47999572753906,132.75999450683594,131.12301635742188,84784300
2022-06-15,AAPL,134.2899932861328,137.33999633789062,132.16000366210938,135.42999267578125,133.76010131835938,91533000
2022-06-16,AAPL,132.0800018310547,132.38999938964844,129.0399932861328,130.05999755859375,128.45631408691406,108123900
2022-06-17,AAPL,130.07000732421875,133.0800018310547,129.80999755859375,131.55999755859375,129.9378204345703,134520300
2022-06-21,AAPL,133.4199981689453,137.05999755859375,133.32000732421875,135.8699951171875,134.19467163085938,81000500
2022-06-22,AAPL,134.7899932861328,137.75999450683594,133.91000366210938,135.35000610351562,133.68109130859375,73409200
2022-06-23,AAPL,136.82000732421875,138.58999633789062,135.6300048828125,138.27000427246094,136.56507873535156,72433800
2022-06-24,AAPL,139.89999389648438,141.91000366210938,139.77000427246094,141.66000366210938,139.91326904296875,89116800
2022-06-27,AAPL,142.6999969482422,143.49000549316406,140.97000122070312,141.66000366210938,139.91326904296875,70207900
2022-06-28,AAPL,142.1300048828125,143.4199981689453,137.32000732421875,137.44000244140625,135.74533081054688,67083400
2022-06-29,AAPL,137.4600067138672,140.6699981689453,136.6699981689453,139.22999572753906,137.51321411132812,66242400
2022-06-30,AAPL,137.25,138.3699951171875,133.77000427246094,136.72000122070312,135.03421020507812,98964500
2022-07-01,AAPL,136.0399932861328,139.0399932861328,135.66000366210938,138.92999267578125,137.21693420410156,71051600
2022-07-05,AAPL,137.77000427246094,141.61000061035156,136.92999267578125,141.55999755859375,139.81451416015625,73353800
2022-07-06,AAPL,141.35000610351562,144.1199951171875,141.0800018310547,142.9199981689453,141.15774536132812,74064300
2022-07-07,AAPL,143.2899932861328,146.5500030517578,143.27999877929688,146.35000610351562,144.54547119140625,66253700
2022-07-08,AAPL,145.25999450683594,147.5500030517578,145.0,147.0399932861328,145.2269287109375,64547800
2022-07-11,AAPL,145.6699981689453,146.63999938964844,143.77999877929688,144.8699951171875,143.08370971679688,63141600
2022-07-12,AAPL,145.75999450683594,148.4499969482422,145.0500030517578,145.86000061035156,144.06150817871094,77588800
2022-07-13,AAPL,142.99000549316406,146.4499969482422,142.1199951171875,145.49000549316406,143.69607543945312,71185600
2022-07-14,AAPL,144.0800018310547,148.9499969482422,143.25,148.47000122070312,146.63929748535156,78140700
2022-07-15,AAPL,149.77999877929688,150.86000061035156,148.1999969482422,150.1699981689453,148.31832885742188,76259900
2022-07-18,AAPL,150.74000549316406,151.57000732421875,146.6999969482422,147.07000732421875,145.25657653808594,81420900
2022-07-19,AAPL,147.9199981689453,151.22999572753906,146.91000366210938,151.0,149.1381072998047,82982400
2022-07-20,AAPL,151.1199951171875,153.72000122070312,150.3699951171875,153.0399932861328,151.1529541015625,64823400
2022-07-21,AAPL,154.5,155.57000732421875,151.94000244140625,155.35000610351562,153.43446350097656,65086600
2022-07-22,AAPL,155.38999938964844,156.27999877929688,153.41000366210938,154.08999633789062,152.1900177001953,66675400
2022-07-25,AAPL,154.00999450683594,155.0399932861328,152.27999877929688,152.9499969482422,151.06407165527344,53623900
2022-07-26,AAPL,152.25999450683594,153.08999633789062,150.8000030517578,151.60000610351562,149.73074340820312,55138700
2022-07-27,AAPL,152.5800018310547,157.3300018310547,152.16000366210938,156.7899932861328,154.8567352294922,78620700
2022-07-28,AAPL,156.97999572753906,157.63999938964844,154.41000366210938,157.35000610351562,155.40985107421875,81378700
2022-07-29,AAPL,161.24000549316406,163.6300048828125,159.5,162.50999450683594,160.50621032714844,101786900
2022-08-01,AAPL,161.00999450683594,163.58999633789062,160.88999938964844,161.50999450683594,159.51853942871094,67829400
2022-08-02,AAPL,160.10000610351562,162.41000366210938,159.6300048828125,160.00999450683594,158.0369873046875,59907000
2022-08-03,AAPL,160.83999633789062,166.58999633789062,160.75,166.1300048828125,164.08157348632812,82507500
2022-08-04,AAPL,166.00999450683594,167.19000244140625,164.42999267578125,165.80999755859375,163.7655029296875,55474100
2022-08-05,AAPL,163.2100067138672,165.85000610351562,163.0,165.35000610351562,163.5380401611328,56697000
2022-08-08,AAPL,166.3699951171875,167.80999755859375,164.1999969482422,164.8699951171875,163.0632781982422,60276900
2022-08-09,AAPL,164.02000427246094,165.82000732421875,163.25,164.9199981689453,163.11276245117188,63135500
2022-08-10,AAPL,167.67999267578125,169.33999633789062,166.89999389648438,169.24000549316406,167.38540649414062,70170500
2022-08-11,AAPL,170.05999755859375,170.99000549316406,168.19000244140625,168.49000549316406,166.6436004638672,57149200
2022-08-12,AAPL,169.82000732421875,172.1699981689453,169.39999389648438,172.10000610351562,170.2140655517578,68039400
2022-08-15,AAPL,171.52000427246094,173.38999938964844,171.35000610351562,173.19000244140625,171.29212951660156,54091700
2022-08-16,AAPL,172.77999877929688,173.7100067138672,171.66000366210938,173.02999877929688,171.13388061523438,56377100
2022-08-17,AAPL,172.77000427246094,176.14999389648438,172.57000732421875,174.5500030517578,172.63717651367188,79542000
2022-08-18,AAPL,173.75,174.89999389648438,173.1199951171875,174.14999389648438,172.24160766601562,62290100
2022-08-19,AAPL,173.02999877929688,173.74000549316406,171.30999755859375,171.52000427246094,169.64041137695312,70346300
2022-08-22,AAPL,169.69000244140625,169.86000061035156,167.13999938964844,167.57000732421875,165.73370361328125,69026800
2022-08-23,AAPL,167.0800018310547,168.7100067138672,166.64999389648438,167.22999572753906,165.3974151611328,54147100
2022-08-24,AAPL,167.32000732421875,168.11000061035156,166.25,167.52999877929688,165.6941375732422,53841500
2022-08-25,AAPL,168.77999877929688,170.13999938964844,168.35000610351562,170.02999877929688,168.166748046875,51218200
2022-08-26,AAPL,170.57000732421875,171.0500030517578,163.55999755859375,163.6199951171875,161.8269500732422,78961000
2022-08-29,AAPL,161.14999389648438,162.89999389648438,159.82000732421875,161.3800048828125,159.61151123046875,73314000
2022-08-30,AAPL,162.1300048828125,162.55999755859375,157.72000122070312,158.91000366210938,157.16860961914062,77906200
2022-08-31,AAPL,160.30999755859375,160.5800018310547,157.13999938964844,157.22000122070312,155.49710083007812,87991100
2022-09-01,AAPL,156.63999938964844,158.4199981689453,154.6699981689453,157.9600067138672,156.22901916503906,74229900
2022-09-02,AAPL,159.75,160.36000061035156,154.97000122070312,155.80999755859375,154.10255432128906,76957800
2022-09-06,AAPL,156.47000122070312,157.08999633789062,153.69000244140625,154.52999877929688,152.8365936279297,73714800
2022-09-07,AAPL,154.82000732421875,156.6699981689453,153.61000061035156,155.9600067138672,154.2509307861328,87449600
2022-09-08,AAPL,154.63999938964844,156.36000061035156,152.67999267578125,154.4600067138672,152.7673797607422,84923800
2022-09-09,AAPL,155.47000122070312,157.82000732421875,154.75,157.3699951171875,155.6454620361328,68028800
2022-09-12,AAPL,159.58999633789062,164.25999450683594,159.3000030517578,163.42999267578125,161.63905334472656,104956000
2022-09-13,AAPL,159.89999389648438,160.5399932861328,153.3699951171875,153.83999633789062,152.15415954589844,122656600
2022-09-14,AAPL,154.7899932861328,157.10000610351562,153.61000061035156,155.30999755859375,153.60804748535156,87965400
2022-09-15,AAPL,154.64999389648438,155.24000549316406,151.3800048828125,152.3699951171875,150.70025634765625,90481100
2022-09-16,AAPL,151.2100067138672,151.35000610351562,148.3699951171875,150.6999969482422,149.04856872558594,162278800
2022-09-19,AAPL,149.30999755859375,154.55999755859375,149.10000610351562,154.47999572753906,152.78712463378906,81474200
2022-09-20,AAPL,153.39999389648438,158.0800018310547,153.0800018310547,156.89999389648438,155.1806182861328,107689800
2022-09-21,AAPL,157.33999633789062,158.74000549316406,153.60000610351562,153.72000122070312,152.0354766845703,101696800
2022-09-22,AAPL,152.3800048828125,154.47000122070312,150.91000366210938,152.74000549316406,151.06622314453125,86652500
2022-09-23,AAPL,151.19000244140625,151.47000122070312,148.55999755859375,150.42999267578125,148.78150939941406,96029900
2022-09-26,AAPL,149.66000366210938,153.77000427246094,149.63999938964844,150.77000427246094,149.1177978515625,93339400
2022-09-27,AAPL,152.74000549316406,154.72000122070312,149.9499969482422,151.75999450683594,150.09695434570312,84442700
2022-09-28,AAPL,147.63999938964844,150.63999938964844,144.83999633789062,149.83999633789062,148.197998046875,146691400
2022-09-29,AAPL,146.10000610351562,146.72000122070312,140.67999267578125,142.47999572753906,140.91864013671875,128138200
2022-09-30,AAPL,141.27999877929688,143.10000610351562,138.0,138.1999969482422,136.685546875,124925300
2022-10-03,AAPL,138.2100067138672,143.07000732421875,137.69000244140625,142.4499969482422,140.8889617919922,114311700
2022-10-04,AAPL,145.02999877929688,146.22000122070312,144.25999450683594,146.10000610351562,144.4989776611328,87830100
2022-10-05,AAPL,144.07000732421875,147.3800048828125,143.00999450683594,146.39999389648438,144.79566955566406,79471000
2022-10-06,AAPL,145.80999755859375,147.5399932861328,145.22000122070312,145.42999267578125,143.8363037109375,68402200
2022-10-07,AAPL,142.5399932861328,143.10000610351562,139.4499969482422,140.08999633789062,138.55482482910156,85925600
2022-10-10,AAPL,140.4199981689453,141.88999938964844,138.57000732421875,140.4199981689453,138.88121032714844,74899000
2022-10-11,AAPL,139.89999389648438,141.35000610351562,138.22000122070312,138.97999572753906,137.45700073242188,77033700
2022-10-12,AAPL,139.1300048828125,140.36000061035156,138.16000366210938,138.33999633789062,136.8240203857422,70433700
2022-10-13,AAPL,134.99000549316406,143.58999633789062,134.3699951171875,142.99000549316406,141.4230499267578,113224000
2022-10-14,AAPL,144.30999755859375,144.52000427246094,138.19000244140625,138.3800048828125,136.86358642578125,88598000
2022-10-17,AAPL,141.07000732421875,142.89999389648438,140.27000427246094,142.41000366210938,140.8494110107422,85250900
2022-10-18,AAPL,145.49000549316406,146.6999969482422,140.61000061035156,143.75,142.1747283935547,99136600
2022-10-19,AAPL,141.69000244140625,144.9499969482422,141.5,143.86000061035156,142.2835235595703,61758300
2022-10-20,AAPL,143.02000427246094,145.88999938964844,142.64999389648438,143.38999938964844,141.81866455078125,64522000
2022-10-21,AAPL,142.8699951171875,147.85000610351562,142.64999389648438,147.27000427246094,145.65615844726562,86548600
2022-10-24,AAPL,147.19000244140625,150.22999572753906,146.0,149.4499969482422,147.812255859375,75981900
2022-10-25,AAPL,150.08999633789062,152.49000549316406,149.36000061035156,152.33999633789062,150.67056274414062,74732300
2022-10-26,AAPL,150.9600067138672,151.99000549316406,148.0399932861328,149.35000610351562,147.71336364746094,88194300
2022-10-27,AAPL,148.07000732421875,149.0500030517578,144.1300048828125,144.8000030517578,143.21324157714844,109180200
2022-10-28,AAPL,148.1999969482422,157.5,147.82000732421875,155.74000549316406,154.03334045410156,164762400
2022-10-31,AAPL,153.16000366210938,154.24000549316406,151.9199981689453,153.33999633789062,151.6596221923828,97943200
2022-11-01,AAPL,155.0800018310547,155.4499969482422,149.1300048828125,150.64999389648438,148.99911499023438,80379300
2022-11-02,AAPL,148.9499969482422,152.1699981689453,145.0,145.02999877929688,143.44070434570312,93604600
2022-11-03,AAPL,142.05999755859375,142.8000030517578,138.75,138.8800048828125,137.3580780029297,97918500
2022-11-04,AAPL,142.08999633789062,142.6699981689453,134.3800048828125,138.3800048828125,137.09063720703125,140814800
2022-11-07,AAPL,137.11000061035156,139.14999389648438,135.6699981689453,138.9199981689453,137.6255645751953,83374600
2022-11-08,AAPL,140.41000366210938,141.42999267578125,137.49000549316406,139.5,138.20016479492188,89908500
2022-11-09,AAPL,138.5,138.5500030517578,134.58999633789062,134.8699951171875,133.61329650878906,74917800
2022-11-10,AAPL,141.24000549316406,146.8699951171875,139.5,146.8699951171875,145.5015106201172,118854000
2022-11-11,AAPL,145.82000732421875,150.00999450683594,144.3699951171875,149.6999969482422,148.3051300048828,93979700
2022-11-14,AAPL,148.97000122070312,150.27999877929688,147.42999267578125,148.27999877929688,146.89833068847656,73374100
2022-11-15,AAPL,152.22000122070312,153.58999633789062,148.55999755859375,150.0399932861328,148.64198303222656,89868300
2022-11-16,AAPL,149.1300048828125,149.8699951171875,147.2899932861328,148.7899932861328,147.4036102294922,64218300
2022-11-17,AAPL,146.42999267578125,151.47999572753906,146.14999389648438,150.72000122070312,149.31564331054688,80389400
2022-11-18,AAPL,152.30999755859375,152.6999969482422,149.97000122070312,151.2899932861328,149.88031005859375,74829600
2022-11-21,AAPL,150.16000366210938,150.3699951171875,147.72000122070312,148.00999450683594,146.63088989257812,58724100
2022-11-22,AAPL,148.1300048828125,150.4199981689453,146.92999267578125,150.17999267578125,148.78065490722656,51804100
2022-11-23,AAPL,149.4499969482422,151.8300018310547,149.33999633789062,151.07000732421875,149.66238403320312,58301400
2022-11-25,AAPL,148.30999755859375,148.8800048828125,147.1199951171875,148.11000061035156,146.72994995117188,35195900
2022-11-28,AAPL,145.13999938964844,146.63999938964844,143.3800048828125,144.22000122070312,142.87619018554688,69246000
2022-11-29,AAPL,144.2899932861328,144.80999755859375,140.35000610351562,141.1699981689453,139.8546142578125,83763800
2022-11-30,AAPL,141.39999389648438,148.72000122070312,140.5500030517578,148.02999877929688,146.6506805419922,111380900
2022-12-01,AAPL,148.2100067138672,149.1300048828125,146.61000061035156,148.30999755859375,146.92808532714844,71250400
2022-12-02,AAPL,145.9600067138672,148.0,145.64999389648438,147.80999755859375,146.43275451660156,65447400
2022-12-05,AAPL,147.77000427246094,150.9199981689453,145.77000427246094,146.6300048828125,145.26373291015625,68826400
2022-12-06,AAPL,147.07000732421875,147.3000030517578,141.9199981689453,142.91000366210938,141.57839965820312,64727200
2022-12-07,AAPL,142.19000244140625,143.3699951171875,140.0,140.94000244140625,139.6267852783203,69721100
2022-12-08,AAPL,142.36000061035156,143.52000427246094,141.10000610351562,142.64999389648438,141.32083129882812,62128300
2022-12-09,AAPL,142.33999633789062,145.57000732421875,140.89999389648438,142.16000366210938,140.8354034423828,76097000
2022-12-12,AAPL,142.6999969482422,144.5,141.05999755859375,144.49000549316406,143.1436767578125,70462700
2022-12-13,AAPL,149.5,149.97000122070312,144.24000549316406,145.47000122070312,144.1145477294922,93886200
2022-12-14,AAPL,145.35000610351562,146.66000366210938,141.16000366210938,143.2100067138672,141.87559509277344,82291200
2022-12-15,AAPL,141.11000061035156,141.8000030517578,136.02999877929688,136.5,135.2281036376953,98931900
2022-12-16,AAPL,136.69000244140625,137.64999389648438,133.72999572753906,134.50999450683594,133.2566680908203,160156900
2022-12-19,AAPL,135.11000061035156,135.1999969482422,131.32000732421875,132.3699951171875,131.1365966796875,79592600
2022-12-20,AAPL,131.38999938964844,133.25,129.88999938964844,132.3000030517578,131.0672607421875,77432800
2022-12-21,AAPL,132.97999572753906,136.80999755859375,132.75,135.4499969482422,134.18789672851562,85928000
2022-12-22,AAPL,134.35000610351562,134.55999755859375,130.3000030517578,132.22999572753906,130.99790954589844,77852100
2022-12-23,AAPL,130.9199981689453,132.4199981689453,129.63999938964844,131.86000061035156,130.63137817382812,63814900
2022-12-27,AAPL,131.3800048828125,131.41000366210938,128.72000122070312,130.02999877929688,128.81842041015625,69007800
2022-12-28,AAPL,129.6699981689453,131.02999877929688,125.87000274658203,126.04000091552734,124.86558532714844,85438400
2022-12-29,AAPL,127.98999786376953,130.47999572753906,127.7300033569336,129.61000061035156,128.40231323242188,75703700
2022-12-30,AAPL,128.41000366210938,129.9499969482422,127.43000030517578,129.92999267578125,128.71934509277344,77034200
2023-01-03,AAPL,130.27999877929688,130.89999389648438,124.16999816894531,125.06999969482422,123.90463256835938,112117500
2023-01-04,AAPL,126.88999938964844,128.66000366210938,125.08000183105469,126.36000061035156,125.1826171875,89113600
2023-01-05,AAPL,127.12999725341797,127.7699966430664,124.76000213623047,125.0199966430664,123.8551025390625,80962700
2023-01-06,AAPL,126.01000213623047,130.2899932861328,124.88999938964844,129.6199951171875,128.41221618652344,87754700
2023-01-09,AAPL,130.47000122070312,133.41000366210938,129.88999938964844,130.14999389648438,128.93727111816406,70790800
2023-01-10,AAPL,130.25999450683594,131.25999450683594,128.1199951171875,130.72999572753906,129.5118865966797,63896200
2023-01-11,AAPL,131.25,133.50999450683594,130.4600067138672,133.49000549316406,132.24618530273438,69458900
2023-01-12,AAPL,133.8800048828125,134.25999450683594,131.44000244140625,133.41000366210938,132.16690063476562,71379600
2023-01-13,AAPL,132.02999877929688,134.9199981689453,131.66000366210938,134.75999450683594,133.5043487548828,57809700
2023-01-17,AAPL,134.8300018310547,137.2899932861328,134.1300048828125,135.94000244140625,134.67333984375,63646600
2023-01-18,AAPL,136.82000732421875,138.61000061035156,135.02999877929688,135.2100067138672,133.95013427734375,69672800
2023-01-19,AAPL,134.0800018310547,136.25,133.77000427246094,135.27000427246094,134.0095977783203,58280400
2023-01-20,AAPL,135.27999877929688,138.02000427246094,134.22000122070312,137.8699951171875,136.58534240722656,80223600
2023-01-23,AAPL,138.1199951171875,143.32000732421875,137.89999389648438,141.11000061035156,139.79518127441406,81760300
2023-01-24,AAPL,140.30999755859375,143.16000366210938,140.3000030517578,142.52999877929688,141.2019500732422,66435100
2023-01-25,AAPL,140.88999938964844,142.42999267578125,138.80999755859375,141.86000061035156,140.53817749023438,65799300
2023-01-26,AAPL,143.1699981689453,144.25,141.89999389648438,143.9600067138672,142.6186065673828,54105100
2023-01-27,AAPL,143.16000366210938,147.22999572753906,143.0800018310547,145.92999267578125,144.57025146484375,70555800
2023-01-30,AAPL,144.9600067138672,145.5500030517578,142.85000610351562,143.0,141.6675567626953,64015300
2023-01-31,AAPL,142.6999969482422,144.33999633789062,142.27999877929688,144.2899932861328,142.94554138183594,65874500
2023-02-01,AAPL,143.97000122070312,146.61000061035156,141.32000732421875,145.42999267578125,144.07492065429688,77663600
2023-02-02,AAPL,148.89999389648438,151.17999267578125,148.1699981689453,150.82000732421875,149.41470336914062,118339000
2023-02-03,AAPL,148.02999877929688,157.3800048828125,147.8300018310547,154.5,153.06040954589844,154357300
2023-02-06,AAPL,152.57000732421875,153.10000610351562,150.77999877929688,151.72999572753906,150.3162078857422,69858300
2023-02-07,AAPL,150.63999938964844,155.22999572753906,150.63999938964844,154.64999389648438,153.208984375,83322600
2023-02-08,AAPL,153.8800048828125,154.5800018310547,151.1699981689453,151.9199981689453,150.5044403076172,64120100
2023-02-09,AAPL,153.77999877929688,154.3300018310547,150.4199981689453,150.8699951171875,149.46421813964844,56007100
2023-02-10,AAPL,149.4600067138672,151.33999633789062,149.22000122070312,151.00999450683594,149.8313446044922,57450700
2023-02-13,AAPL,150.9499969482422,154.25999450683594,150.9199981689453,153.85000610351562,152.64920043945312,62199000
2023-02-14,AAPL,152.1199951171875,153.77000427246094,150.86000061035156,153.1999969482422,152.00424194335938,61707600
2023-02-15,AAPL,153.11000061035156,155.5,152.8800048828125,155.3300018310547,154.1176300048828,65573800
2023-02-16,AAPL,153.50999450683594,156.3300018310547,153.35000610351562,153.7100067138672,152.51026916503906,68167900
2023-02-17,AAPL,152.35000610351562,153.0,150.85000610351562,152.5500030517578,151.3593292236328,59144100
2023-02-21,AAPL,150.1999969482422,151.3000030517578,148.41000366210938,148.47999572753906,147.32107543945312,58867200
2023-02-22,AAPL,148.8699951171875,149.9499969482422,147.16000366210938,148.91000366210938,147.7477264404297,51011300
2023-02-23,AAPL,150.08999633789062,150.33999633789062,147.24000549316406,149.39999389648438,148.23390197753906,48394200
2023-02-24,AAPL,147.11000061035156,147.19000244140625,145.72000122070312,146.7100067138672,145.56491088867188,55469600
2023-02-27,AAPL,147.7100067138672,149.1699981689453,147.4499969482422,147.9199981689453,146.76547241210938,44998500
2023-02-28,AAPL,147.0500030517578,149.0800018310547,146.8300018310547,147.41000366210938,146.2594451904297,50547000
2023-03-01,AAPL,146.8300018310547,147.22999572753906,145.00999450683594,145.30999755859375,144.17584228515625,55479000
2023-03-02,AAPL,144.3800048828125,146.7100067138672,143.89999389648438,145.91000366210938,144.77114868164062,52238100
2023-03-03,AAPL,148.0399932861328,151.11000061035156,147.3300018310547,151.02999877929688,149.85118103027344,70732300
2023-03-06,AAPL,153.7899932861328,156.3000030517578,153.4600067138672,153.8300018310547,152.62933349609375,87558000
2023-03-07,AAPL,153.6999969482422,154.02999877929688,151.1300048828125,151.60000610351562,150.416748046875,56182000
2023-03-08,AAPL,152.80999755859375,153.47000122070312,151.8300018310547,152.8699951171875,151.6768341064453,47204800
2023-03-09,AAPL,153.55999755859375,154.5399932861328,150.22999572753906,150.58999633789062,149.41461181640625,53833600
2023-03-10,AAPL,150.2100067138672,150.94000244140625,147.61000061035156,148.5,147.34095764160156,68572400
2023-03-13,AAPL,147.80999755859375,153.13999938964844,147.6999969482422,150.47000122070312,149.29556274414062,84457100
2023-03-14,AAPL,151.27999877929688,153.39999389648438,150.10000610351562,152.58999633789062,151.3990020751953,73695900
2023-03-15,AAPL,151.19000244140625,153.25,149.9199981689453,152.99000549316406,151.79588317871094,77167900
2023-03-16,AAPL,152.16000366210938,156.4600067138672,151.63999938964844,155.85000610351562,154.63357543945312,76161100
2023-03-17,AAPL,156.0800018310547,156.74000549316406,154.27999877929688,155.0,153.79019165039062,98944600
2023-03-20,AAPL,155.07000732421875,157.82000732421875,154.14999389648438,157.39999389648438,156.1714630126953,73641400
2023-03-21,AAPL,157.32000732421875,159.39999389648438,156.5399932861328,159.27999877929688,158.0367889404297,73938300
2023-03-22,AAPL,159.3000030517578,162.13999938964844,157.80999755859375,157.8300018310547,156.5980987548828,75701800
2023-03-23,AAPL,158.8300018310547,161.5500030517578,157.67999267578125,158.92999267578125,157.6895294189453,67622100
2023-03-24,AAPL,158.86000061035156,160.33999633789062,157.85000610351562,160.25,158.99923706054688,59196500
2023-03-27,AAPL,159.94000244140625,160.77000427246094,157.8699951171875,158.27999877929688,157.04461669921875,52390300
2023-03-28,AAPL,157.97000122070312,158.49000549316406,155.97999572753906,157.64999389648438,156.4195098876953,45992200
2023-03-29,AAPL,159.3699951171875,161.0500030517578,159.35000610351562,160.77000427246094,159.51516723632812,51305700
2023-03-30,AAPL,161.52999877929688,162.47000122070312,161.27000427246094,162.36000061035156,161.09274291992188,49501700
2023-03-31,AAPL,162.44000244140625,165.0,161.91000366210938,164.89999389648438,163.61293029785156,68749800
2023-04-03,AAPL,164.27000427246094,166.2899932861328,164.22000122070312,166.1699981689453,164.8730010986328,56976200
2023-04-04,AAPL,166.60000610351562,166.83999633789062,165.11000061035156,165.6300048828125,164.33724975585938,46278300
2023-04-05,AAPL,164.74000549316406,165.0500030517578,161.8000030517578,163.75999450683594,162.48182678222656,51511700
2023-04-06,AAPL,162.42999267578125,164.9600067138672,162.0,164.66000366210938,163.3748321533203,45390100
2023-04-10,AAPL,161.4199981689453,162.02999877929688,160.0800018310547,162.02999877929688,160.7653350830078,47716900
2023-04-11,AAPL,162.35000610351562,162.36000061035156,160.50999450683594,160.8000030517578,159.54493713378906,47644200
2023-04-12,AAPL,161.22000122070312,162.05999755859375,159.77999877929688,160.10000610351562,158.85040283203125,50133100
2023-04-13,AAPL,161.6300048828125,165.8000030517578,161.4199981689453,165.55999755859375,164.2677764892578,68445600
2023-04-14,AAPL,164.58999633789062,166.32000732421875,163.82000732421875,165.2100067138672,163.9205322265625,49386500
2023-04-17,AAPL,165.08999633789062,165.38999938964844,164.02999877929688,165.22999572753906,163.94033813476562,41516200
2023-04-18,AAPL,166.10000610351562,167.41000366210938,165.64999389648438,166.47000122070312,165.17066955566406,49923000
2023-04-19,AAPL,165.8000030517578,168.16000366210938,165.5399932861328,167.6300048828125,166.32164001464844,47720200
2023-04-20,AAPL,166.08999633789062,167.8699951171875,165.55999755859375,166.64999389648438,165.34927368164062,52456400
2023-04-21,AAPL,165.0500030517578,166.4499969482422,164.49000549316406,165.02000427246094,163.7320098876953,58337300
2023-04-24,AAPL,165.0,165.60000610351562,163.88999938964844,165.3300018310547,164.03958129882812,41949600
2023-04-25,AAPL,165.19000244140625,166.30999755859375,163.72999572753906,163.77000427246094,162.4917449951172,48714100
2023-04-26,AAPL,163.05999755859375,165.27999877929688,162.8000030517578,163.75999450683594,162.48182678222656,45498800
2023-04-27,AAPL,165.19000244140625,168.55999755859375,165.19000244140625,168.41000366210938,167.09552001953125,64902300
2023-04-28,AAPL,168.49000549316406,169.85000610351562,167.8800048828125,169.67999267578125,168.35562133789062,55209200
2023-05-01,AAPL,169.27999877929688,170.4499969482422,168.63999938964844,169.58999633789062,168.26632690429688,52472900
2023-05-02,AAPL,170.08999633789062,170.35000610351562,167.5399932861328,168.5399932861328,167.2245330810547,48425700
2023-05-03,AAPL,169.5,170.9199981689453,167.16000366210938,167.4499969482422,166.14303588867188,65136000
2023-05-04,AAPL,164.88999938964844,167.0399932861328,164.30999755859375,165.7899932861328,164.49600219726562,81235400
2023-05-05,AAPL,170.97999572753906,174.3000030517578,170.75999450683594,173.57000732421875,172.21527099609375,113316400
2023-05-08,AAPL,172.47999572753906,173.85000610351562,172.11000061035156,173.5,172.14581298828125,55962800
2023-05-09,AAPL,173.0500030517578,173.5399932861328,171.60000610351562,171.77000427246094,170.4293212890625,45326900
2023-05-10,AAPL,173.02000427246094,174.02999877929688,171.89999389648438,173.55999755859375,172.20533752441406,53724500
2023-05-11,AAPL,173.85000610351562,174.58999633789062,172.1699981689453,173.75,172.3938446044922,49514700
2023-05-12,AAPL,173.6199951171875,174.05999755859375,171.0,172.57000732421875,171.45989990234375,45497800
2023-05-15,AAPL,173.16000366210938,173.2100067138672,171.47000122070312,172.07000732421875,170.963134765625,37266700
2023-05-16,AAPL,171.99000549316406,173.13999938964844,171.8000030517578,172.07000732421875,170.963134765625,42110300
2023-05-17,AAPL,171.7100067138672,172.92999267578125,170.4199981689453,172.69000244140625,171.5791473388672,57951600
2023-05-18,AAPL,173.0,175.24000549316406,172.5800018310547,175.0500030517578,173.9239501953125,65496700
2023-05-19,AAPL,176.38999938964844,176.38999938964844,174.94000244140625,175.16000366210938,174.03323364257812,55772400
2023-05-22,AAPL,173.97999572753906,174.7100067138672,173.4499969482422,174.1999969482422,173.07940673828125,43570900
2023-05-23,AAPL,173.1300048828125,173.3800048828125,171.27999877929688,171.55999755859375,170.45639038085938,50747300
2023-05-24,AAPL,171.08999633789062,172.4199981689453,170.52000427246094,171.83999633789062,170.73458862304688,45143500
2023-05-25,AAPL,172.41000366210938,173.89999389648438,171.69000244140625,172.99000549316406,171.877197265625,56058300
2023-05-26,AAPL,173.32000732421875,175.77000427246094,173.11000061035156,175.42999267578125,174.30149841308594,54835000
2023-05-30,AAPL,176.9600067138672,178.99000549316406,176.57000732421875,177.3000030517578,176.15945434570312,55964400
2023-05-31,AAPL,177.3300018310547,179.35000610351562,176.75999450683594,177.25,176.1098175048828,99625300
2023-06-01,AAPL,177.6999969482422,180.1199951171875,176.92999267578125,180.08999633789062,178.9315185546875,68901800
2023-06-02,AAPL,181.02999877929688,181.77999877929688,179.25999450683594,180.9499969482422,179.78599548339844,61945900
2023-06-05,AAPL,182.6300048828125,184.9499969482422,178.0399932861328,179.5800018310547,178.4248046875,121946500
2023-06-06,AAPL,179.97000122070312,180.1199951171875,177.42999267578125,179.2100067138672,178.0572052001953,64848400
2023-06-07,AAPL,178.44000244140625,181.2100067138672,177.32000732421875,177.82000732421875,176.67613220214844,61944600
2023-06-08,AAPL,177.89999389648438,180.83999633789062,177.4600067138672,180.57000732421875,179.408447265625,50214900
2023-06-09,AAPL,181.5,182.22999572753906,180.6300048828125,180.9600067138672,179.7959442138672,48870700
2023-06-12,AAPL,181.27000427246094,183.88999938964844,180.97000122070312,183.7899932861328,182.6077117919922,54274900
2023-06-13,AAPL,182.8000030517578,184.14999389648438,182.44000244140625,183.30999755859375,182.1308135986328,54929100
2023-06-14,AAPL,183.3699951171875,184.38999938964844,182.02000427246094,183.9499969482422,182.76669311523438,57462900
2023-06-15,AAPL,183.9600067138672,186.52000427246094,183.77999877929688,186.00999450683594,184.81344604492188,65433200
2023-06-16,AAPL,186.72999572753906,186.99000549316406,184.27000427246094,184.9199981689453,183.73045349121094,101235600
2023-06-20,AAPL,184.41000366210938,186.10000610351562,184.41000366210938,185.00999450683594,183.8198699951172,49799100
2023-06-21,AAPL,184.89999389648438,185.41000366210938,182.58999633789062,183.9600067138672,182.77664184570312,49515700
2023-06-22,AAPL,183.74000549316406,187.0500030517578,183.6699981689453,187.0,185.7970733642578,51245300
2023-06-23,AAPL,185.5500030517578,187.55999755859375,185.00999450683594,186.67999267578125,185.4791259765625,53079300
2023-06-26,AAPL,186.8300018310547,188.0500030517578,185.22999572753906,185.27000427246094,184.07821655273438,48088700
2023-06-27,AAPL,185.88999938964844,188.38999938964844,185.6699981689453,188.05999755859375,186.85025024414062,50730800
2023-06-28,AAPL,187.92999267578125,189.89999389648438,187.60000610351562,189.25,188.03260803222656,51216800
2023-06-29,AAPL,189.0800018310547,190.07000732421875,188.94000244140625,189.58999633789062,188.3704071044922,46347300
2023-06-30,AAPL,191.6300048828125,194.47999572753906,191.25999450683594,193.97000122070312,192.7222442626953,85069600
2023-07-03,AAPL,193.77999877929688,193.8800048828125,191.75999450683594,192.4600067138672,191.2219696044922,31458200
2023-07-05,AAPL,191.57000732421875,192.97999572753906,190.6199951171875,191.3300018310547,190.09922790527344,46920300
2023-07-06,AAPL,189.83999633789062,192.02000427246094,189.1999969482422,191.80999755859375,190.57614135742188,45094300
2023-07-07,AAPL,191.41000366210938,192.6699981689453,190.24000549316406,190.67999267578125,189.45339965820312,46778000
2023-07-10,AAPL,189.25999450683594,189.99000549316406,187.0399932861328,188.61000061035156,187.396728515625,59922200
2023-07-11,AAPL,189.16000366210938,189.3000030517578,186.60000610351562,188.0800018310547,186.87013244628906,46638100
2023-07-12,AAPL,189.67999267578125,191.6999969482422,188.47000122070312,189.77000427246094,188.54925537109375,60750200
2023-07-13,AAPL,190.5,191.19000244140625,189.77999877929688,190.5399932861328,189.31430053710938,41342300
2023-07-14,AAPL,190.22999572753906,191.17999267578125,189.6300048828125,190.69000244140625,189.4633331298828,41573900
2023-07-17,AAPL,191.89999389648438,194.32000732421875,191.80999755859375,193.99000549316406,192.7421112060547,50520200
2023-07-18,AAPL,193.35000610351562,194.3300018310547,192.4199981689453,193.72999572753906,192.4837646484375,48353800
2023-07-19,AAPL,193.10000610351562,198.22999572753906,192.64999389648438,195.10000610351562,193.844970703125,80507300
2023-07-20,AAPL,195.08999633789062,196.47000122070312,192.5,193.1300048828125,191.88763427734375,59581200
2023-07-21,AAPL,194.10000610351562,194.97000122070312,191.22999572753906,191.94000244140625,190.70530700683594,71917800
2023-07-24,AAPL,193.41000366210938,194.91000366210938,192.25,192.75,191.51010131835938,45377800
2023-07-25,AAPL,193.3300018310547,194.44000244140625,192.9199981689453,193.6199951171875,192.37448120117188,37283200
2023-07-26,AAPL,193.6699981689453,195.63999938964844,193.32000732421875,194.5,193.2488250732422,47471900
2023-07-27,AAPL,196.02000427246094,197.1999969482422,192.5500030517578,193.22000122070312,191.97706604003906,47460200
2023-07-28,AAPL,194.6699981689453,196.6300048828125,194.13999938964844,195.8300018310547,194.57029724121094,48291400
2023-07-31,AAPL,196.05999755859375,196.49000549316406,195.25999450683594,196.4499969482422,195.18629455566406,38824100
2023-08-01,AAPL,196.24000549316406,196.72999572753906,195.27999877929688,195.61000061035156,194.3516845703125,35175100
2023-08-02,AAPL,195.0399932861328,195.17999267578125,191.85000610351562,192.5800018310547,191.3411865234375,50389300
2023-08-03,AAPL,191.57000732421875,192.3699951171875,190.69000244140625,191.1699981689453,189.9402618408203,61235200
2023-08-04,AAPL,185.52000427246094,187.3800048828125,181.9199981689453,181.99000549316406,180.81932067871094,115799700
2023-08-07,AAPL,182.1300048828125,183.1300048828125,177.35000610351562,178.85000610351562,177.6995086669922,97576100
2023-08-08,AAPL,179.69000244140625,180.27000427246094,177.5800018310547,179.8000030517578,178.6433868408203,67823000
2023-08-09,AAPL,180.8699951171875,180.92999267578125,177.00999450683594,178.19000244140625,177.04376220703125,60378500
2023-08-10,AAPL,179.47999572753906,180.75,177.60000610351562,177.97000122070312,176.82516479492188,54686900
2023-08-11,AAPL,177.32000732421875,178.6199951171875,176.5500030517578,177.7899932861328,176.88487243652344,51988100
2023-08-14,AAPL,177.97000122070312,179.69000244140625,177.30999755859375,179.4600067138672,178.54637145996094,43675600
2023-08-15,AAPL,178.8800048828125,179.47999572753906,177.0500030517578,177.4499969482422,176.54660034179688,43622600
2023-08-16,AAPL,177.1300048828125,178.5399932861328,176.5,176.57000732421875,175.67108154296875,46964900
2023-08-17,AAPL,177.13999938964844,177.50999450683594,173.47999572753906,174.0,173.11415100097656,66062900
2023-08-18,AAPL,172.3000030517578,175.10000610351562,171.9600067138672,174.49000549316406,173.60166931152344,61114200
2023-08-21,AAPL,175.07000732421875,176.1300048828125,173.74000549316406,175.83999633789062,174.9447784423828,46311900
2023-08-22,AAPL,177.05999755859375,177.67999267578125,176.25,177.22999572753906,176.32769775390625,42084200
2023-08-23,AAPL,178.52000427246094,181.5500030517578,178.3300018310547,181.1199951171875,180.19790649414062,52722800
2023-08-24,AAPL,180.6699981689453,181.10000610351562,176.00999450683594,176.3800048828125,175.48204040527344,54945800
2023-08-25,AAPL,177.3800048828125,179.14999389648438,175.82000732421875,178.61000061035156,177.70069885253906,51449600
2023-08-28,AAPL,180.08999633789062,180.58999633789062,178.5500030517578,180.19000244140625,179.2726593017578,43820700
2023-08-29,AAPL,179.6999969482422,184.89999389648438,179.5,184.1199951171875,183.18263244628906,53003900
2023-08-30,AAPL,184.94000244140625,187.85000610351562,184.74000549316406,187.64999389648438,186.6946563720703,60813900
2023-08-31,AAPL,187.83999633789062,189.1199951171875,187.47999572753906,187.8699951171875,186.91354370117188,60794500
2023-09-01,AAPL,189.49000549316406,189.9199981689453,188.27999877929688,189.4600067138672,188.49546813964844,45732600
2023-09-05,AAPL,188.27999877929688,189.97999572753906,187.61000061035156,189.6999969482422,188.73422241210938,45280000
2023-09-06,AAPL,188.39999389648438,188.85000610351562,181.47000122070312,182.91000366210938,181.9788055419922,81755800
2023-09-07,AAPL,175.17999267578125,178.2100067138672,173.5399932861328,177.55999755859375,176.65602111816406,112488800
2023-09-08,AAPL,178.35000610351562,180.24000549316406,177.7899932861328,178.17999267578125,177.27285766601562,65551300
2023-09-11,AAPL,180.07000732421875,180.3000030517578,177.33999633789062,179.36000061035156,178.4468536376953,58953100
2023-09-12,AAPL,179.49000549316406,180.1300048828125,174.82000732421875,176.3000030517578,175.40245056152344,90370200
2023-09-13,AAPL,176.50999450683594,177.3000030517578,173.97999572753906,174.2100067138672,173.32308959960938,84267900
2023-09-14,AAPL,174.0,176.10000610351562,173.5800018310547,175.74000549316406,174.84530639648438,60895800
2023-09-15,AAPL,176.47999572753906,176.5,173.82000732421875,175.00999450683594,174.11900329589844,109205100
2023-09-18,AAPL,176.47999572753906,179.3800048828125,176.1699981689453,177.97000122070312,177.06394958496094,67257600
2023-09-19,AAPL,177.52000427246094,179.6300048828125,177.1300048828125,179.07000732421875,178.15834045410156,51826900
2023-09-20,AAPL,179.25999450683594,179.6999969482422,175.39999389648438,175.49000549316406,174.59658813476562,58436200
2023-09-21,AAPL,174.5500030517578,176.3000030517578,173.86000061035156,173.92999267578125,173.0445098876953,63047900
2023-09-22,AAPL,174.6699981689453,177.0800018310547,174.0500030517578,174.7899932861328,173.90013122558594,56725400
2023-09-25,AAPL,174.1999969482422,176.97000122070312,174.14999389648438,176.0800018310547,175.18356323242188,46172700
2023-09-26,AAPL,174.82000732421875,175.1999969482422,171.66000366210938,171.9600067138672,171.0845489501953,64588900
2023-09-27,AAPL,172.6199951171875,173.0399932861328,169.0500030517578,170.42999267578125,169.56231689453125,66921800
2023-09-28,AAPL,169.33999633789062,172.02999877929688,167.6199951171875,170.69000244140625,169.82101440429688,56294400
2023-09-29,AAPL,172.02000427246094,173.07000732421875,170.33999633789062,171.2100067138672,170.33836364746094,51814200
2023-10-02,AAPL,171.22000122070312,174.3000030517578,170.92999267578125,173.75,172.86541748046875,52164500
2023-10-03,AAPL,172.25999450683594,173.6300048828125,170.82000732421875,172.39999389648438,171.5222930908203,49594600
2023-10-04,AAPL,171.08999633789062,174.2100067138672,170.97000122070312,173.66000366210938,172.77587890625,53020300
2023-10-05,AAPL,173.7899932861328,175.4499969482422,172.67999267578125,174.91000366210938,174.01953125,48527900
2023-10-06,AAPL,173.8000030517578,177.99000549316406,173.17999267578125,177.49000549316406,176.58639526367188,57224100
2023-10-09,AAPL,176.80999755859375,179.0500030517578,175.8000030517578,178.99000549316406,178.07875061035156,42390800
2023-10-10,AAPL,178.10000610351562,179.72000122070312,177.9499969482422,178.38999938964844,177.4818115234375,43698000
2023-10-11,AAPL,178.1999969482422,179.85000610351562,177.60000610351562,179.8000030517578,178.88462829589844,47551100
2023-10-12,AAPL,180.07000732421875,182.33999633789062,179.0399932861328,180.7100067138672,179.7899932861328,56743100
2023-10-13,AAPL,181.4199981689453,181.92999267578125,178.13999938964844,178.85000610351562,177.93948364257812,51427100
2023-10-16,AAPL,176.75,179.0800018310547,176.50999450683594,178.72000122070312,177.81011962890625,52517000
2023-10-17,AAPL,176.64999389648438,178.4199981689453,174.8000030517578,177.14999389648438,176.24810791015625,57549400
2023-10-18,AAPL,175.5800018310547,177.5800018310547,175.11000061035156,175.83999633789062,174.9447784423828,54764400
2023-10-19,AAPL,176.0399932861328,177.83999633789062,175.19000244140625,175.4600067138672,174.5667266845703,59302900
2023-10-20,AAPL,175.30999755859375,175.4199981689453,172.63999938964844,172.8800048828125,171.99986267089844,64189300
2023-10-23,AAPL,170.91000366210938,174.00999450683594,169.92999267578125,173.0,172.11924743652344,55980100
2023-10-24,AAPL,173.0500030517578,173.6699981689453,171.4499969482422,173.44000244140625,172.55702209472656,43816600
2023-10-25,AAPL,171.8800048828125,173.05999755859375,170.64999389648438,171.10000610351562,170.2289276123047,57157000
2023-10-26,AAPL,170.3699951171875,171.3800048828125,165.6699981689453,166.88999938964844,166.0403594970703,70625300
2023-10-27,AAPL,166.91000366210938,168.9600067138672,166.8300018310547,168.22000122070312,167.36358642578125,58499100
2023-10-30,AAPL,169.02000427246094,171.1699981689453,168.8699951171875,170.2899932861328,169.42303466796875,51131000
2023-10-31,AAPL,169.35000610351562,170.89999389648438,167.89999389648438,170.77000427246094,169.90060424804688,44846000
2023-11-01,AAPL,171.0,174.22999572753906,170.1199951171875,173.97000122070312,173.08432006835938,56934900
2023-11-02,AAPL,175.52000427246094,177.77999877929688,175.4600067138672,177.57000732421875,176.66598510742188,77334800
2023-11-03,AAPL,174.24000549316406,176.82000732421875,173.35000610351562,176.64999389648438,175.75067138671875,79763700
2023-11-06,AAPL,176.3800048828125,179.42999267578125,176.2100067138672,179.22999572753906,178.31753540039062,63841300
2023-11-07,AAPL,179.17999267578125,182.44000244140625,178.97000122070312,181.82000732421875,180.8943634033203,70530000
2023-11-08,AAPL,182.35000610351562,183.4499969482422,181.58999633789062,182.88999938964844,181.95887756347656,49340300
2023-11-09,AAPL,182.9600067138672,184.1199951171875,181.80999755859375,182.41000366210938,181.48135375976562,53763500
2023-11-10,AAPL,183.97000122070312,186.57000732421875,183.52999877929688,186.39999389648438,185.69534301757812,66133400
2023-11-13,AAPL,185.82000732421875,186.02999877929688,184.2100067138672,184.8000030517578,184.1013946533203,43627500
2023-11-14,AAPL,187.6999969482422,188.11000061035156,186.3000030517578,187.44000244140625,186.73141479492188,60108400
2023-11-15,AAPL,187.85000610351562,189.5,187.77999877929688,188.00999450683594,187.29925537109375,53790500
2023-11-16,AAPL,189.57000732421875,190.9600067138672,188.64999389648438,189.7100067138672,188.9928436279297,54412900
2023-11-17,AAPL,190.25,190.3800048828125,188.57000732421875,189.69000244140625,188.97291564941406,50922700
2023-11-20,AAPL,189.88999938964844,191.91000366210938,189.8800048828125,191.4499969482422,190.72625732421875,46505100
2023-11-21,AAPL,191.41000366210938,191.52000427246094,189.74000549316406,190.63999938964844,189.91932678222656,38134500
2023-11-22,AAPL,191.49000549316406,192.92999267578125,190.8300018310547,191.30999755859375,190.5867919921875,39617700
2023-11-24,AAPL,190.8699951171875,190.89999389648438,189.25,189.97000122070312,189.25186157226562,24048300
2023-11-27,AAPL,189.9199981689453,190.6699981689453,188.89999389648438,189.7899932861328,189.07252502441406,40552600
2023-11-28,AAPL,189.77999877929688,191.0800018310547,189.39999389648438,190.39999389648438,189.6802215576172,38415400
2023-11-29,AAPL,190.89999389648438,192.08999633789062,188.97000122070312,189.3699951171875,188.6541290283203,43014200
2023-11-30,AAPL,189.83999633789062,190.32000732421875,188.19000244140625,189.9499969482422,189.23191833496094,48794400
2023-12-01,AAPL,190.3300018310547,191.55999755859375,189.22999572753906,191.24000549316406,190.51705932617188,45679300
2023-12-04,AAPL,189.97999572753906,190.0500030517578,187.4499969482422,189.42999267578125,188.71388244628906,43389500
2023-12-05,AAPL,190.2100067138672,194.39999389648438,190.17999267578125,193.4199981689453,192.68881225585938,66628400
2023-12-06,AAPL,194.4499969482422,194.75999450683594,192.11000061035156,192.32000732421875,191.59298706054688,41089700
2023-12-07,AAPL,193.6300048828125,195.0,193.58999633789062,194.27000427246094,193.5355987548828,47477700
2023-12-08,AAPL,194.1999969482422,195.99000549316406,193.6699981689453,195.7100067138672,194.97015380859375,53377300
2023-12-11,AAPL,193.11000061035156,193.49000549316406,191.4199981689453,193.17999267578125,192.44972229003906,60943700
2023-12-12,AAPL,193.0800018310547,194.72000122070312,191.72000122070312,194.7100067138672,193.9739532470703,52696900
2023-12-13,AAPL,195.08999633789062,198.0,194.85000610351562,197.9600067138672,197.21165466308594,70404200
2023-12-14,AAPL,198.02000427246094,199.6199951171875,196.16000366210938,198.11000061035156,197.361083984375,66831600
2023-12-15,AAPL,197.52999877929688,198.39999389648438,197.0,197.57000732421875,196.8231201171875,128256700
2023-12-18,AAPL,196.08999633789062,196.6300048828125,194.38999938964844,195.88999938964844,195.14947509765625,55751900
2023-12-19,AAPL,196.16000366210938,196.9499969482422,195.88999938964844,196.94000244140625,196.1955108642578,40714100
2023-12-20,AAPL,196.89999389648438,197.67999267578125,194.8300018310547,194.8300018310547,194.09349060058594,52242800
2023-12-21,AAPL,196.10000610351562,197.0800018310547,193.5,194.67999267578125,193.94403076171875,46482500
2023-12-22,AAPL,195.17999267578125,195.41000366210938,192.97000122070312,193.60000610351562,192.86813354492188,37122800
2023-12-26,AAPL,193.61000061035156,193.88999938964844,192.8300018310547,193.0500030517578,192.32022094726562,28919300
2023-12-27,AAPL,192.49000549316406,193.5,191.08999633789062,193.14999389648438,192.41983032226562,48087700
2023-12-28,AAPL,194.13999938964844,194.66000366210938,193.1699981689453,193.5800018310547,192.84820556640625,34049900
2023-12-29,AAPL,193.89999389648438,194.39999389648438,191.72999572753906,192.52999877929688,191.8021697998047,42628800